{
    "name":"Product Detail Page",
    "description":"Product detail page with 3 regions",
    "attribute_definition_groups": [
      {
          "id": "productDetail",
          "name": "Product Detail Settings",
          "description": "Product Detail Settings",
          "attribute_definitions": [
            {
              "id": "product",
              "name": "Product",
              "type": "product",
              "required": true,
              "dynamic_lookup":{
                  "aspect_attribute_alias": "product"
              }
            }
          ]
        }
    ],
    "region_definitions":[
      {
        "id":"top",
        "name":"Top Region",
        "component_type_exclusions": [{ "type_id": "commerce_assets.campaignBanner" }]
      },
      {
        "id":"main",
        "name":"Main Region",
        "default_component_constructors": [
          { "type_id": "dynamic.productDetail", "name": "Product Detail Layout"}
        ],
        "component_type_exclusions": [{ "type_id": "commerce_assets.campaignBanner" }]
      },
      {
        "id":"bottom",
        "name":"Bottom Region",
        "component_type_exclusions": [{ "type_id": "commerce_assets.campaignBanner" }]
      }      
    ],
    "supported_aspect_types": ["pdp"]
}