<?xml version="1.0" encoding="UTF-8"?>
<jobs xmlns="http://www.demandware.com/xml/impex/jobs/2015-07-01">
    <job job-id="breadtxcancel" priority="0">
        <description>job for cancelling transactions in Bread service</description>
        <parameters/>
        <flow>
            <context site-id="RefArch"/>
            <step step-id="txcancel" type="ExecuteScriptModule" enforce-restart="false">
                <description/>
                <parameters>
                    <parameter name="ExecuteScriptModule.Module">int_bread/cartridge/scripts/job/txCancelJob.js</parameter>
                    <parameter name="ExecuteScriptModule.FunctionName">execute</parameter>
                    <parameter name="ExecuteScriptModule.Transactional">false</parameter>
                </parameters>
            </step>
        </flow>
        <rules/>
        <triggers>
            <run-once enabled="false">
                <date>2018-09-18Z</date>
                <time>07:52:41.000Z</time>
            </run-once>
        </triggers>
    </job>
</jobs>
