<?xml version="1.0" encoding="UTF-8"?>
<metadata xmlns="http://www.demandware.com/xml/impex/metadata/2006-10-31">

    <type-extension type-id="SitePreferences">
        <custom-attribute-definitions>
            <attribute-definition attribute-id="bread_apiKey">
                <display-name xml:lang="x-default">API Key</display-name>
                <description xml:lang="x-default">API Key</description>
                <type>string</type>
                <mandatory-flag>true</mandatory-flag>
                <externally-managed-flag>false</externally-managed-flag>
                <min-length>0</min-length>
            </attribute-definition>
             <attribute-definition attribute-id="bread_secret">
                <display-name xml:lang="x-default">API Secret</display-name>
                <description xml:lang="x-default">API Secret</description>
                <type>password</type>
                <mandatory-flag>true</mandatory-flag>
                <externally-managed-flag>false</externally-managed-flag>
                <min-length>0</min-length>
            </attribute-definition>
            <attribute-definition attribute-id="bread_integrationKey">
                <display-name xml:lang="x-default">Integration Key</display-name>
                <description xml:lang="x-default">integration Key (experience key) is used for accessing APIs.</description>
                <type>string</type>
                <mandatory-flag>false</mandatory-flag>
                <externally-managed-flag>false</externally-managed-flag>
            </attribute-definition>
            <attribute-definition attribute-id="bread_environment">
                <display-name xml:lang="x-default">Environment</display-name>
                <description xml:lang="x-default">Sandbox or Production.  Determines the URLs that will be used when accessing our APIs.</description>
                <type>enum-of-string</type>
                <mandatory-flag>true</mandatory-flag>
                <externally-managed-flag>false</externally-managed-flag>
                <value-definitions>
                    <value-definition>
                        <display xml:lang="x-default">SANDBOX</display>
                        <value>sandbox</value>
                    </value-definition>
                    <value-definition>
                        <display xml:lang="x-default">PRODUCTION</display>
                        <value>production</value>
                    </value-definition>
                </value-definitions>
            </attribute-definition>
            <attribute-definition attribute-id="bread_authorizeAndSettle">
                <display-name xml:lang="x-default">Auto-Settle</display-name>
                <description xml:lang="x-default">Determines whether to request Settle of funds immediately upon checkout in addition to authorizing the transaction. If you are unsure about whether you should be settle at checkout, please speak with your account manager. In most cases, you will want to set this to No.</description>
                <type>boolean</type>
                <mandatory-flag>false</mandatory-flag>
                <externally-managed-flag>false</externally-managed-flag>
            </attribute-definition>
            <attribute-definition attribute-id="bread_enable">
                <display-name xml:lang="x-default">Enable Service</display-name>
                <description xml:lang="x-default">Globally enables or disables the Buy Now Pay Later Checkout cartridge. When enabled, Buy Now Pay Later appears as a payment method option.</description>
                <type>boolean</type>
                <mandatory-flag>false</mandatory-flag>
                <externally-managed-flag>false</externally-managed-flag>
            </attribute-definition>
            <attribute-definition attribute-id="bread_showCartPlacement">
                <display-name xml:lang="x-default">Cart Page Placement</display-name>
                <description xml:lang="x-default">Determines whether the placement text (As Low As…) is rendered on the cart page</description>
                <type>boolean</type>
                <mandatory-flag>false</mandatory-flag>
                <externally-managed-flag>false</externally-managed-flag>
            </attribute-definition>
            <attribute-definition attribute-id="bread_cartPageActAsLabel">
                <display-name xml:lang="x-default">Cart Page Act As Label</display-name>
                <description xml:lang="x-default">Overrides the normal button placement to display as a label instead of a button</description>
                <type>boolean</type>
                <mandatory-flag>false</mandatory-flag>
                <externally-managed-flag>false</externally-managed-flag>
            </attribute-definition>
            <attribute-definition attribute-id="bread_enableCartSizeFiltering">
                <display-name xml:lang="x-default">Cart Size Filtering</display-name>
                <description xml:lang="x-default">Determines whether to display financing options on the Cart/Checkout page ALL the time (FALSE) or only when the total cart size meets a minimum price threshold (TRUE, must also set Cart Minimum Size)</description>
                <type>boolean</type>
                <mandatory-flag>false</mandatory-flag>
                <externally-managed-flag>false</externally-managed-flag>
            </attribute-definition>
            <attribute-definition attribute-id="bread_minCartSize">
                <display-name xml:lang="x-default">Cart Minimum Size</display-name>
                <description xml:lang="x-default">Determines the minimum price threshold of cart required to display financing options on the Cart/Checkout page</description>
                <type>double</type>
                <mandatory-flag>false</mandatory-flag>
                <externally-managed-flag>false</externally-managed-flag>
            </attribute-definition>
            <attribute-definition attribute-id="bread_showProductPlacement">
                <display-name xml:lang="x-default">Product Page Placement</display-name>
                <description xml:lang="x-default">Determines whether the placement text (As Low As…) is rendered on product pages</description>
                <type>boolean</type>
                <mandatory-flag>false</mandatory-flag>
                <externally-managed-flag>false</externally-managed-flag>
            </attribute-definition>
            <attribute-definition attribute-id="bread_productPageActAsLabel">
                <display-name xml:lang="x-default">Product Page Act As Label</display-name>
                <description xml:lang="x-default">Overrides the normal button placement to display as a label instead of a button</description>
                <type>boolean</type>
                <mandatory-flag>false</mandatory-flag>
                <externally-managed-flag>false</externally-managed-flag>
            </attribute-definition>
            <attribute-definition attribute-id="bread_showCatalogPlacement">
                <display-name xml:lang="x-default">Catalog Page Placement</display-name>
                <description xml:lang="x-default">Determines whether the placement text (As Low As…) is rendered on catalog pages</description>
                <type>boolean</type>
                <mandatory-flag>false</mandatory-flag>
                <externally-managed-flag>false</externally-managed-flag>
            </attribute-definition>
            <attribute-definition attribute-id="bread_showCatalogPlacementAsLabel">
                <display-name xml:lang="x-default">Show Catalog Placement As Label</display-name>
                <description xml:lang="x-default">Determines whether the placement text (As Low As…) is rendered as a label or button on catalog pages</description>
                <type>boolean</type>
                <mandatory-flag>false</mandatory-flag>
                <externally-managed-flag>false</externally-managed-flag>
            </attribute-definition>
            <attribute-definition attribute-id="bread_enableSkuFiltering">
                <display-name xml:lang="x-default">SKU Based Filtering</display-name>
                <description xml:lang="x-default">Determines whether to display financing options on ALL product pages (FALSE) or only on products allowed by the SKU Filter (TRUE, must also set SKU Minimum Price)</description>
                <type>enum-of-string</type>
                <mandatory-flag>false</mandatory-flag>
                <externally-managed-flag>false</externally-managed-flag>
                <value-definitions>
                    <value-definition default="true">
                        <display xml:lang="x-default">Off</display>
                        <value>OFF</value>
                    </value-definition>
                    <value-definition>
                        <display xml:lang="x-default">Include</display>
                        <value>INCLUDE</value>
                    </value-definition>
                    <value-definition>
                        <display xml:lang="x-default">Exclude</display>
                        <value>EXCLUDE</value>
                    </value-definition>
                </value-definitions>
            </attribute-definition>
            <attribute-definition attribute-id="bread_skuFilter">
                <display-name xml:lang="x-default">SKU Filter</display-name>
                <description xml:lang="x-default">Include or exclude product SKUs for financing..</description>
                <type>set-of-string</type>
                <mandatory-flag>false</mandatory-flag>
                <externally-managed-flag>false</externally-managed-flag>
            </attribute-definition>
            <attribute-definition attribute-id="bread_embeddedCheckout">
                <display-name xml:lang="x-default">Embedded Checkout</display-name>
                <description xml:lang="x-default">Determines if checkout should be embedded in the page.</description>
                <type>boolean</type>
                <mandatory-flag>false</mandatory-flag>
                <externally-managed-flag>false</externally-managed-flag>
            </attribute-definition>
        </custom-attribute-definitions>
        <group-definitions>
            <attribute-group group-id="BREAD">
                <display-name xml:lang="x-default">Bread</display-name>
                <attribute attribute-id="bread_enable"/>
                <attribute attribute-id="bread_apiKey"/>
                <attribute attribute-id="bread_secret"/>
                <attribute attribute-id="bread_integrationKey"/>
                <attribute attribute-id="bread_environment"/>
                <attribute attribute-id="bread_authorizeAndSettle"/>
                <attribute attribute-id="bread_showCartPlacement"/>
                <attribute attribute-id="bread_cartPageActAsLabel"/>
                <attribute attribute-id="bread_showProductPlacement"/>
                <attribute attribute-id="bread_productPageActAsLabel"/>
                <attribute attribute-id="bread_showCatalogPlacement"/>
                <attribute attribute-id="bread_showCatalogPlacementAsLabel"/>
                <attribute attribute-id="bread_enableCartSizeFiltering"/>
                <attribute attribute-id="bread_minCartSize"/>
                <attribute attribute-id="bread_enableSkuFiltering"/>
                <attribute attribute-id="bread_skuFilter"/>
                <attribute attribute-id="bread_embeddedCheckout"/>
            </attribute-group>
        </group-definitions>
    </type-extension>
	
	<type-extension type-id="Basket">
		<custom-attribute-definitions>
			<attribute-definition attribute-id="bread_token">
                <display-name xml:lang="x-default">Transaction Token</display-name>
                <type>string</type>
                <mandatory-flag>false</mandatory-flag>
                <externally-managed-flag>false</externally-managed-flag>
                <min-length>0</min-length>
            </attribute-definition>
		</custom-attribute-definitions>
	</type-extension>
	
	<type-extension type-id="Order">
		<custom-attribute-definitions>
			<attribute-definition attribute-id="bread_token">
                <display-name xml:lang="x-default">Transaction Token</display-name>
                <type>string</type>
                <mandatory-flag>false</mandatory-flag>
                <externally-managed-flag>true</externally-managed-flag>
                <min-length>0</min-length>
            </attribute-definition>
            <attribute-definition attribute-id="bread_isExported">
                <display-name xml:lang="x-default">bread isExported</display-name>
                <description xml:lang="x-default">is synchronised with External API</description>
                <type>boolean</type>
                <mandatory-flag>false</mandatory-flag>
                <externally-managed-flag>true</externally-managed-flag>
            </attribute-definition>
            <attribute-definition attribute-id="bread_status">
                <display-name xml:lang="x-default">Transaction Status</display-name>
                <type>string</type>
                <mandatory-flag>false</mandatory-flag>
                <externally-managed-flag>true</externally-managed-flag>
                <min-length>0</min-length>
            </attribute-definition>
            <attribute-definition attribute-id="bread_shipping_status">
                <display-name xml:lang="x-default">Shipping Status</display-name>
                <type>string</type>
                <mandatory-flag>false</mandatory-flag>
                <externally-managed-flag>true</externally-managed-flag>
                <min-length>0</min-length>
            </attribute-definition>
            <attribute-definition attribute-id="bread_shipping_status">
                <display-name xml:lang="x-default">Shipping Status</display-name>
                <type>string</type>
                <mandatory-flag>false</mandatory-flag>
                <externally-managed-flag>true</externally-managed-flag>
                <min-length>0</min-length>
            </attribute-definition>
            <attribute-definition attribute-id="bread_transaction_type">
                <display-name xml:lang="x-default">Transaction Type</display-name>
                <type>string</type>
                <mandatory-flag>false</mandatory-flag>
                <externally-managed-flag>true</externally-managed-flag>
                <min-length>0</min-length>
            </attribute-definition>
        </custom-attribute-definitions>
        <group-definitions>
            <attribute-group group-id="Bread">
                <display-name xml:lang="x-default">Bread</display-name>
                <attribute attribute-id="bread_token"/>
                <attribute attribute-id="bread_status"/>
                <attribute attribute-id="bread_shipping_status"/>
                <attribute attribute-id="bread_isExported"/>
                <attribute attribute-id="bread_transaction_type"/>
            </attribute-group>
        </group-definitions>
    </type-extension>

</metadata>
