<?xml version="1.0" encoding="UTF-8"?>
<payment-processors xmlns="http://www.demandware.com/xml/impex/paymentprocessor/2007-03-31">
    <payment-processor processor-id="BREAD">
        <preferences>
            <all-instances/>
            <development>
                <preference preference-id="bread_enable">true</preference>
                <preference preference-id="bread_apiKey">xxx</preference>
                <preference preference-id="bread_accountType">sandbox</preference>
                <preference preference-id="bread_authorizeAndSettle">false</preference>
                <preference preference-id="bread_customCSS">html, body, #bread-button {
  height: 100%;
  margin: 0;
  width: 100%;
}
body {
  display: table;
}
#bread-button {
  /* Base button styles */
  background: #197797;
  color: #FFF;
  border-radius: 0.4rem;
  display: table-cell;
  font-family: "Roboto", sans-serif;
  font-size: 1rem;
  text-align: center;
  vertical-align: middle;
  /* Modify or remove transition here */
  transition: all 0.3s ease;
}
.bread-btn {
  cursor: pointer;
}
#bread-button.bread-btn:hover {
  /* Button hover state */
  background: #209cc5;
}
.bread-embed-inner, .bread-label .bread-embed-icon {
  display: inline-block;
}
.bread-label .bread-embed-icon:after {
  /* Icon that shows the bread tooltip on hover */
  background: rgba(255, 255, 255, 0.5);
  border-radius: 3.1rem;
  color: #333;
  content: "i";
  cursor: pointer;
  display: inline-block;
  line-height: 1;
  margin-left: 0.5rem;
  padding: 0.3rem 0.5rem;
}
.bread-pot:before {
  /* Content for the default state. */
  content: "Pay Over Time";
}
.bread-btn .bread-as-low-as:before,
.bread-label .bread-as-low-as:before {
  /* Prefix for buttons with asLowAs set to true */
  content: "As low as ";
}
.bread-for:before {
  /* Prefix for logged in users */
  content: "For ";
}</preference>
            </development>
            <staging/>
            <production/>
        </preferences>
    </payment-processor>
</payment-processors>
