{
    "name": "2 Row x 2 Col (Mobile), 1 Row x 4 Col (Desktop)",
    "description": "This is a layout component of 2 row by 2 column for mobile and 1 row by 4 columns for desktop/tablet.",
    "group": "commerce_layouts",
    "attribute_definition_groups": [],
    "region_definitions": [
        {
            "id":"column1",
            "name":"Column 1",
            "component_type_exclusions": []
        },
        {
            "id":"column2",
            "name":"Column 2",
            "component_type_exclusions": []
        },
        {
            "id":"column3",
            "name":"Column 3",
            "component_type_exclusions": []
        },
        {
            "id":"column4",
            "name":"Column 4",
            "component_type_exclusions": []
        }
    ]
}
