{
    "name": "3 Row x 1 Col (Mobile), 1 Row x 3 Col (Desktop)",
    "description": "This is a layout component of 3 rows by 1 column for mobile and 1 row by 3 columns for desktop/tablet.",
    "group": "commerce_layouts",
    "attribute_definition_groups": [],
    "region_definitions": [
        {
            "id":"column1",
            "name":"Column 1",
            "component_type_exclusions": []
        },
        {
            "id":"column2",
            "name":"Column 2",
            "component_type_exclusions": []
        },
        {
            "id":"column3",
            "name":"Column 3",
            "component_type_exclusions": []
        }
    ]
}
