<?xml version="1.0" encoding="UTF-8"?>
<metadata xmlns="http://www.demandware.com/xml/impex/metadata/2006-10-31">

    <type-extension type-id="SitePreferences">
        <custom-attribute-definitions>
             <attribute-definition attribute-id="bread_apiKey">
                <display-name xml:lang="x-default">API key</display-name>
                <description xml:lang="x-default">The secret merchant identifier key assigned to the user by Bread for the user’s  sandbox account.</description>
                <type>string</type>
                <mandatory-flag>true</mandatory-flag>
                <externally-managed-flag>false</externally-managed-flag>
                <min-length>0</min-length>
            </attribute-definition>
            <attribute-definition attribute-id="bread_accountType">
                <display-name xml:lang="x-default">Account Type</display-name>
                <description xml:lang="x-default">Define used type for API connection (sandbox/production, checkout-sandbox.getbread.com &amp; api-sandbox.getbread.com OR checkout.getbread.com &amp; api.getbread.com).</description>
                <type>enum-of-string</type>
                <mandatory-flag>false</mandatory-flag>
                <externally-managed-flag>false</externally-managed-flag>
                <value-definitions>
                    <value-definition default="true">
                        <display xml:lang="x-default">Sandbox</display>
                        <value>sandbox</value>
                    </value-definition>
                    <value-definition>
                        <display xml:lang="x-default">Production</display>
                        <value>production</value>
                    </value-definition>
                </value-definitions>
            </attribute-definition>
            <attribute-definition attribute-id="bread_authorizeAndSettle">
                <display-name xml:lang="x-default">Auto-Settle</display-name>
                <description xml:lang="x-default">Determines whether to request Settle of funds immediately upon checkout in addition to authorizing the transaction. If you are unsure about whether you should be settle at checkout, please speak with your Bread account manager. In most cases, you will want to set this to No.</description>
                <type>boolean</type>
                <mandatory-flag>false</mandatory-flag>
                <externally-managed-flag>false</externally-managed-flag>
            </attribute-definition>
            <attribute-definition attribute-id="bread_enable">
                <display-name xml:lang="x-default">Enable Bread</display-name>
                <description xml:lang="x-default">Globally enables or disables the Bread Checkout cartridge. When enabled, Bread appears as a payment method option</description>
                <type>boolean</type>
                <mandatory-flag>false</mandatory-flag>
                <externally-managed-flag>false</externally-managed-flag>
            </attribute-definition>
            <attribute-definition attribute-id="bread_customCSS">
                <display-name xml:lang="x-default">Custom CSS</display-name>
                <description xml:lang="x-default">Overwrite the default Bread CSS with your own.</description>
                <type>text</type>
                <mandatory-flag>false</mandatory-flag>
                <externally-managed-flag>false</externally-managed-flag>
            </attribute-definition>
            <attribute-definition attribute-id="bread_useNewBreadAPI">
                <display-name xml:lang="x-default">Use New Bread API</display-name>
                <description xml:lang="x-default">If enabled, the new version of the Bread API will be used.</description>
                <type>boolean</type>
                <mandatory-flag>false</mandatory-flag>
                <externally-managed-flag>false</externally-managed-flag>
            </attribute-definition>
            <attribute-definition attribute-id="bread_integrationKey">
                <display-name xml:lang="x-default">Bread Integration Key</display-name>
                <description xml:lang="x-default">Integration key used for accessing new Bread API</description>
                <type>string</type>
                <mandatory-flag>false</mandatory-flag>
                <externally-managed-flag>false</externally-managed-flag>
            </attribute-definition>
        </custom-attribute-definitions>
        <group-definitions>
            <attribute-group group-id="BREAD">
                <display-name xml:lang="x-default">Bread</display-name>
                <attribute attribute-id="bread_enable"/>
                <attribute attribute-id="bread_apiKey"/>
                <attribute attribute-id="bread_accountType"/>
                <attribute attribute-id="bread_authorizeAndSettle"/>
                <attribute attribute-id="bread_customCSS"/>
                <attribute attribute-id="bread_useNewBreadAPI"/>
                <attribute attribute-id="bread_integrationKey"/>
            </attribute-group>
        </group-definitions>
    </type-extension>
	
	<type-extension type-id="Basket">
		<custom-attribute-definitions>
			<attribute-definition attribute-id="bread_token">
                <display-name xml:lang="x-default">Bread Token</display-name>
                <type>string</type>
                <mandatory-flag>false</mandatory-flag>
                <externally-managed-flag>false</externally-managed-flag>
                <min-length>0</min-length>
            </attribute-definition>
		</custom-attribute-definitions>
	</type-extension>
	
	<type-extension type-id="Order">
		<custom-attribute-definitions>
			<attribute-definition attribute-id="bread_token">
                <display-name xml:lang="x-default">Bread Token</display-name>
                <type>string</type>
                <mandatory-flag>false</mandatory-flag>
                <externally-managed-flag>true</externally-managed-flag>
                <min-length>0</min-length>
            </attribute-definition>
            <attribute-definition attribute-id="bread_isExported">
                <display-name xml:lang="x-default">bread isExported</display-name>
                <description xml:lang="x-default">is synchronised with Bread API</description>
                <type>boolean</type>
                <mandatory-flag>false</mandatory-flag>
                <externally-managed-flag>true</externally-managed-flag>
            </attribute-definition>
            <attribute-definition attribute-id="bread_status">
                <display-name xml:lang="x-default">Bread Status</display-name>
                <type>string</type>
                <mandatory-flag>false</mandatory-flag>
                <externally-managed-flag>true</externally-managed-flag>
                <min-length>0</min-length>
            </attribute-definition>
        </custom-attribute-definitions>
        <group-definitions>
            <attribute-group group-id="Bread">
                <display-name xml:lang="x-default">Bread</display-name>
                <attribute attribute-id="bread_token"/>
                <attribute attribute-id="bread_status"/>
                <attribute attribute-id="bread_isExported"/>
            </attribute-group>
        </group-definitions>
    </type-extension>

</metadata>
