<?xml version="1.0" encoding="UTF-8"?>
<payment-processors xmlns="http://www.demandware.com/xml/impex/paymentprocessor/2007-03-31">
    <payment-processor processor-id="BREAD">
        <preferences>
            <all-instances/>
            <development>
                <preference preference-id="bread_enable">true</preference>
                <preference preference-id="bread_apiKey">xxx</preference>
                <preference preference-id="bread_accountType">sandbox</preference>
                <preference preference-id="bread_authorizeAndSettle">false</preference>
            </development>
            <staging/>
            <production/>
        </preferences>
    </payment-processor>
</payment-processors>
