<?xml version="1.0" encoding="UTF-8"?>
<services xmlns="http://www.demandware.com/xml/impex/services/2014-09-26">
    <service-credential service-credential-id="int_payplan.https.serviceRBC">
        <url></url>
        <user-id></user-id>
        <password encrypted="true" encryption-type="common.export"></password>
    </service-credential>

    <service-credential service-credential-id="int_payplan.https.serviceV2">
        <url></url>
        <user-id></user-id>
        <password encrypted="true" encryption-type="common.export"></password>
    </service-credential>

    <service-profile service-profile-id="int_payplan.https.service">
        <timeout-millis>3000</timeout-millis>
        <rate-limit-enabled>false</rate-limit-enabled>
        <rate-limit-calls>0</rate-limit-calls>
        <rate-limit-millis>0</rate-limit-millis>
        <cb-enabled>false</cb-enabled>
        <cb-calls>0</cb-calls>
        <cb-millis>0</cb-millis>
    </service-profile>

    <service service-id="int_payplan.https.serviceRBC">
        <service-type>HTTP</service-type>
        <enabled>true</enabled>
        <log-prefix/>
        <comm-log-enabled>false</comm-log-enabled>
        <force-prd-enabled>true</force-prd-enabled>
        <mock-mode-enabled>false</mock-mode-enabled>
        <profile-id>int_payplan.https.service</profile-id>
        <credential-id>int_payplan.https.serviceRBC</credential-id>
    </service>

    <service service-id="int_payplan.https.serviceV2">
        <service-type>HTTP</service-type>
        <enabled>true</enabled>
        <log-prefix/>
        <comm-log-enabled>false</comm-log-enabled>
        <force-prd-enabled>true</force-prd-enabled>
        <mock-mode-enabled>false</mock-mode-enabled>
        <profile-id>int_payplan.https.service</profile-id>
        <credential-id>int_payplan.https.serviceV2</credential-id>
    </service>

</services>
