{
    "hooks": [
        {
            "name": "dw.order.calculate",
            "script": "./cartridge/scripts/hooks/cart/calculate.js"
        },
        {
            "name": "dw.order.calculateShipping",
            "script": "./cartridge/scripts/hooks/cart/calculate.js"
        },
        {
            "name": "dw.order.calculateTax",
            "script": "./cartridge/scripts/hooks/cart/calculate.js"
        },
        {
            "name": "app.payment.processor.default",
            "script": "./cartridge/scripts/hooks/payment/processor/default"
        },
        {
            "name": "app.payment.processor.basic_credit",
            "script": "./cartridge/scripts/hooks/payment/processor/basic_credit"
        },
        {
            "name": "app.payment.form.processor.basic_credit",
            "script": "./cartridge/scripts/hooks/payment/processor/basic_credit_form_processor"
        },
        {
            "name": "app.payment.form.processor.default_form_processor",
            "script": "./cartridge/scripts/hooks/payment/processor/default_form_processor"
        },
        {
            "name": "app.experience.editmode",
            "script": "./cartridge/experience/hooks.js"
        }
    ]
}
