<?xml version="1.0" encoding="UTF-8"?>
<jobs xmlns="http://www.demandware.com/xml/impex/jobs/2015-07-01">
    <job job-id="ProcessTransactions" priority="0">
        <description>job for cancelling/capturing/refunding/updating transactions in BNPL service</description>
        <parameters/>
        <flow>
            <context site-id="SFRA_TEST_BreadPay"/>
            <step step-id="ProcessTransactions" type="ExecuteScriptModule" enforce-restart="false">
                <description/>
                <parameters>
                    <parameter name="ExecuteScriptModule.Module">int_bread/cartridge/scripts/job/processOrders.js</parameter>
                    <parameter name="ExecuteScriptModule.FunctionName">execute</parameter>
                    <parameter name="ExecuteScriptModule.Transactional">true</parameter>
                </parameters>
            </step>
        </flow>
        <rules/>
        <triggers>
            <run-once enabled="false">
                <date>2023-06-06Z</date>
                <time>10:21:00.000Z</time>
            </run-once>
        </triggers>
    </job>
    <job job-id="BreadPaySync" priority="0">
        <description>job for cancelling/capturing/refunding/updating transactions in BNPL service</description>
        <parameters/>
        <flow>
            <context site-id="SFRA_TEST_BreadPay"/>
            <step step-id="BreadPaySync" type="ExecuteScriptModule" enforce-restart="false">
                <description/>
                <parameters>
                    <parameter name="ExecuteScriptModule.Module">int_bread/cartridge/scripts/job/sync.js</parameter>
                    <parameter name="ExecuteScriptModule.FunctionName">execute</parameter>
                    <parameter name="ExecuteScriptModule.Transactional">true</parameter>
                </parameters>
            </step>
        </flow>
        <rules/>
        <triggers>
            <run-once enabled="false">
                <date>2023-06-06Z</date>
                <time>10:21:00.000Z</time>
            </run-once>
        </triggers>
    </job>
</jobs>
