{
  "name": "Main Banner",
  "description": "Image, text overlay that links user to a category using the markup editor",
  "group": "commerce_assets",
  "attribute_definition_groups": [
    {
      "id": "bannerImage",
      "name": "Banner Image",
      "description": "The visual display of the banner image in the background.",
      "attribute_definitions": [
        {
          "id": "image",
          "name": "Image",
          "type": "image",
          "required": true
        }
      ]
    },
    {
      "id": "textOverlay",
      "name": "Text Overlay",
      "description": "The overlay text on top of the banner image.",
      "attribute_definitions": [
        {
          "id": "heading",
          "name": "Heading",
          "type": "markup",
          "required": true
        }
      ]
    },
    {
      "id": "shopNowLink",
      "name": "Shop Now Link",
      "description": "The Shop Now link on the banner image",
      "attribute_definitions": [
        {
          "id": "categoryLink",
          "name": "Category Link",
          "type": "category",
          "required": true
        }
      ]
    }
  ],
  "region_definitions": []
}
