{
    "name": "Product Tile",
    "description": "This is product tile component.",
    "group": "commerce_assets",
    "attribute_definition_groups": [
        {
            "id": "productTileSpec",
            "name": "Product Tile Specifications",
            "description": "Specification of the product to be displayed in the product tile.",
            "attribute_definitions": [
                {
                    "id": "product",
                    "name": "Product ID",
                    "description": "The ID of the product to be displayed.",
                    "type": "product",
                    "required": true
                },
                {
                    "id": "displayRatings",
                    "name": "Display product ratings",
                    "description": "Specify whether or not to display ratings in product tile.",
                    "type": "boolean",
                    "required": true
                }

            ]
        }
    ],
    "region_definitions": []
}
