{
    "name": "Shop The Look Product Tile",
    "description": "This is the Shop The Look Product Tile component",
    "group": "commerce_assets",
    "attribute_definition_groups": [
    {
      "id": "shopTheLookSpec",
      "name": "Shop The Look Specification",
      "description": "Specify the shop the look for Set or Product",
      "attribute_definitions": [
        {
          "id": "product",
          "name": "product",
          "description": "Select the product SKU to be displayed.",
          "type": "product",
          "required": true
        },
        {
          "id": "priceDisplay",
          "name": "Display pricing for product",
          "description": "Do you want to Display Pricing for product (Set product is not applicable here)?",
          "type": "boolean",
          "required": true
        }
      ]
    }
  ],
  "region_definitions": []
}
