<?xml version="1.0" encoding="UTF-8"?>
<payment-settings xmlns="http://www.demandware.com/xml/impex/paymentsettings/2009-09-15">

    <payment-method method-id="BREAD">
        <name xml:lang="x-default">Pay Over Time</name>
        <enabled-flag>true</enabled-flag>
        <processor-id>BREAD</processor-id>
    </payment-method>

    <payment-card card-type="Bread">
        <name xml:lang="x-default">Bread</name>
        <enabled-flag>true</enabled-flag>
        <card-number-settings>
            <enable-checksum-verification>true</enable-checksum-verification>
            <number-length/>
            <number-prefix/>
        </card-number-settings>
        <security-code-length>0</security-code-length>
    </payment-card>

</payment-settings>
